CellId,AverageHeight
8711aa7aaffffff,132.16666666666666
8711aa7aaffffff,132.16666666666666
8711aa7aaffffff,132.16666666666666
